{
  "RandomForest": {
    "accuracy": 0.9235880398671097,
    "f1_weighted": 0.9228867662306265,
    "f1_macro": 0.9132800387210356,
    "cv_mean": 0.911418020860081,
    "cv_std": 0.010199107410778941,
    "cv_scores": [
      0.9188034188034188,
      0.9184549356223176,
      0.8969957081545065
    ]
  },
  "XGBoost": {
    "accuracy": 0.9634551495016611,
    "f1_weighted": 0.9632557302957195,
    "f1_macro": 0.9581313608225789,
    "cv_mean": 0.9485651052174657,
    "cv_std": 0.0035869578937556467,
    "cv_scores": [
      0.9529914529914529,
      0.944206008583691,
      0.9484978540772532
    ]
  },
  "LightGBM": {
    "accuracy": 0.9667774086378738,
    "f1_weighted": 0.9666795438241248,
    "f1_macro": 0.9624031192427419,
    "cv_mean": 0.9585610701490529,
    "cv_std": 0.007342863921396067,
    "cv_scores": [
      0.9658119658119658,
      0.9613733905579399,
      0.9484978540772532
    ]
  }
}