{
  "model_name": "LightGBM",
  "model_path": "models/best_model_lightgbm.skops",
  "encoders_path": "models/encoders.pkl",
  "feature_columns": [
    "age",
    "stress_level",
    "sleep_hours",
    "physical_activity_days",
    "depression_score",
    "anxiety_score",
    "social_support_score",
    "productivity_score"
  ],
  "training_timestamp": "2025-06-05T11:01:10.010971",
  "model_performance": {
    "accuracy": 0.9601990049751243,
    "f1_weighted": 0.9604650918524898,
    "f1_macro": 0.9588383246018714,
    "cv_mean": 0.9737500000000001,
    "cv_std": 0.012119199643540829,
    "cv_scores": [
      0.96875,
      0.9875,
      0.9875,
      0.95625,
      0.96875
    ]
  },
  "all_models_performance": {
    "RandomForest": {
      "accuracy": 0.0,
      "f1_weighted": 0.0,
      "f1_macro": 0.0,
      "cv_mean": 0.0,
      "cv_std": 0.0,
      "error": "A task has failed to un-serialize. Please ensure that the arguments of the function are all picklable."
    },
    "XGBoost": {
      "accuracy": 0.9601990049751243,
      "f1_weighted": 0.9602620255513427,
      "f1_macro": 0.9563817864310474,
      "cv_mean": 0.9675,
      "cv_std": 0.010752906583803288,
      "cv_scores": [
        0.9625,
        0.96875,
        0.9875,
        0.9625,
        0.95625
      ]
    },
    "LightGBM": {
      "accuracy": 0.9601990049751243,
      "f1_weighted": 0.9604650918524898,
      "f1_macro": 0.9588383246018714,
      "cv_mean": 0.9737500000000001,
      "cv_std": 0.012119199643540829,
      "cv_scores": [
        0.96875,
        0.9875,
        0.9875,
        0.95625,
        0.96875
      ]
    }
  },
  "best_accuracy": 0.9601990049751243,
  "model_type": "classification",
  "framework": "sklearn_pipeline",
  "visualization_paths": {
    "model_comparison": "results/model_comparison.png",
    "model_results": "results/model_results.png"
  }
}